Book Name,Price,Rate,Category
It's Only the Himalayas,45.17,2,Travel
Full Moon over Noahâs ...,49.43,4,Travel
See America: A Celebration ...,48.87,3,Travel
Vagabonding: An Uncommon Guide ...,36.94,2,Travel
Under the Tuscan Sun,37.33,3,Travel
A Summer In Europe,44.34,2,Travel
The Great Railway Bazaar,30.54,1,Travel
A Year in Provence ...,56.88,4,Travel
The Road to Little ...,23.21,1,Travel
Neither Here nor There: ...,38.95,3,Travel
"1,000 Places to See ...",26.08,5,Travel
Sharp Objects,47.82,4,Mystery
"In a Dark, Dark ...",19.63,1,Mystery
The Past Never Ends,56.5,4,Mystery
A Murder in Time,16.64,1,Mystery
The Murder of Roger ...,44.1,4,Mystery
The Last Mile (Amos ...,54.21,2,Mystery
That Darkness (Gardiner and ...,13.92,1,Mystery
Tastes Like Fear (DI ...,10.69,1,Mystery
A Time of Torment ...,48.35,5,Mystery
A Study in Scarlet ...,16.73,2,Mystery
Poisonous (Max Revere Novels ...,26.8,3,Mystery
Murder at the 42nd ...,54.36,4,Mystery
Most Wanted,35.28,3,Mystery
Hide Away (Eve Duncan ...,11.84,1,Mystery
Boar Island (Anna Pigeon ...,59.48,3,Mystery
The Widow,27.26,2,Mystery
Playing with Fire,13.71,3,Mystery
What Happened on Beale ...,25.37,5,Mystery
The Bachelor Girl's Guide ...,52.3,5,Mystery
Delivering the Truth (Quaker ...,20.89,4,Mystery
The Mysterious Affair at ...,24.8,4,Mystery
In the Woods (Dublin ...,38.38,2,Mystery
The Silkworm (Cormoran Strike ...,23.05,5,Mystery
The Exiled,43.45,3,Mystery
The Cuckoo's Calling (Cormoran ...,19.21,1,Mystery
Extreme Prey (Lucas Davenport ...,25.4,3,Mystery
Career of Evil (Cormoran ...,24.72,2,Mystery
The No. 1 Ladies' ...,57.7,4,Mystery
The Girl You Lost,12.29,5,Mystery
The Girl In The ...,15.85,3,Mystery
Blood Defense (Samantha Brinkman ...,20.3,3,Mystery
1st to Die (Women's ...,53.98,1,Mystery
Tipping the Velvet,53.74,1,Historical Fiction
Forever and Forever: The ...,29.69,3,Historical Fiction
A Flight of Arrows ...,55.53,5,Historical Fiction
The House by the ...,36.95,1,Historical Fiction
Mrs. Houdini,30.25,5,Historical Fiction
The Marriage of Opposites,28.08,4,Historical Fiction
Glory over Everything: Beyond ...,45.84,3,Historical Fiction
"Love, Lies and Spies",20.55,2,Historical Fiction
A Paris Apartment,39.01,4,Historical Fiction
Lilac Girls,17.28,2,Historical Fiction
The Constant Princess (The ...,16.62,3,Historical Fiction
The Invention of Wings,37.34,1,Historical Fiction
World Without End (The ...,32.97,4,Historical Fiction
The Passion of Dolssa,28.32,5,Historical Fiction
Girl With a Pearl ...,26.77,1,Historical Fiction
Voyager (Outlander #3),21.07,5,Historical Fiction
The Red Tent,35.66,5,Historical Fiction
The Last Painting of ...,55.55,2,Historical Fiction
The Guernsey Literary and ...,49.53,1,Historical Fiction
Girl in the Blue ...,46.83,2,Historical Fiction
Between Shades of Gray,20.79,5,Historical Fiction
While You Were Mine,41.32,5,Historical Fiction
The Secret Healer,34.56,3,Historical Fiction
Starlark,25.83,3,Historical Fiction
Lost Among the Living,27.7,4,Historical Fiction
A Spy's Devotion (The ...,16.97,5,Historical Fiction
Scott Pilgrim's Precious Little ...,52.29,5,Sequential Art
Tsubasa: WoRLD CHRoNiCLE 2 ...,16.28,1,Sequential Art
This One Summer,19.49,4,Sequential Art
The Nameless City (The ...,38.16,4,Sequential Art
"Saga, Volume 5 (Saga ...",51.04,2,Sequential Art
"Rat Queens, Vol. 3: ...",50.4,3,Sequential Art
"Princess Jellyfish 2-in-1 Omnibus, ...",13.61,5,Sequential Art
"Pop Gun War, Volume ...",18.97,1,Sequential Art
Patience,10.16,3,Sequential Art
"Outcast, Vol. 1: A ...",15.44,4,Sequential Art
orange: The Complete Collection ...,48.41,1,Sequential Art
"Lumberjanes, Vol. 2: Friendship ...",46.91,2,Sequential Art
"Lumberjanes, Vol. 1: Beware ...",45.61,3,Sequential Art
Lumberjanes Vol. 3: A ...,19.92,2,Sequential Art
"I Hate Fairyland, Vol. ...",29.17,2,Sequential Art
I am a Hero ...,54.63,3,Sequential Art
"Giant Days, Vol. 2 ...",22.11,2,Sequential Art
Danganronpa Volume 1,51.99,4,Sequential Art
"Codename Baboushka, Volume 1: ...",36.72,4,Sequential Art
Camp Midnight,17.08,4,Sequential Art
"Bitch Planet, Vol. 1: ...",37.92,2,Sequential Art
The Shadow Hero (The ...,33.14,1,Sequential Art
"Fables, Vol. 1: Legends ...",41.62,4,Sequential Art
Batman: The Long Halloween ...,36.5,2,Sequential Art
Batman: The Dark Knight ...,15.38,5,Sequential Art
"Wonder Woman: Earth One, ...",37.34,4,Sequential Art
"We Are Robin, Vol. ...",53.9,1,Sequential Art
Through the Woods,25.38,2,Sequential Art
Superman Vol. 1: Before ...,11.89,5,Sequential Art
"So Cute It Hurts!!, ...",35.43,4,Sequential Art
Robin War,47.82,3,Sequential Art
"Red Hood/Arsenal, Vol. 1: ...",25.48,2,Sequential Art
"Naruto (3-in-1 Edition), Vol. ...",38.39,2,Sequential Art
Lowriders to the Center ...,51.51,2,Sequential Art
El Deafo,57.62,5,Sequential Art
Batman: Europa,32.01,2,Sequential Art
Art Ops Vol. 1,48.8,3,Sequential Art
Adulthood Is a Myth: ...,10.9,2,Sequential Art
"Fruits Basket, Vol. 9 ...",33.95,4,Sequential Art
Roller Girl,14.1,5,Sequential Art
"Fruits Basket, Vol. 7 ...",19.57,1,Sequential Art
"Fruits Basket, Vol. 6 ...",20.96,4,Sequential Art
"Death Note, Vol. 6: ...",36.39,3,Sequential Art
"Fruits Basket, Vol. 5 ...",16.33,1,Sequential Art
"Death Note, Vol. 5: ...",52.41,1,Sequential Art
The Demon Prince of ...,27.88,2,Sequential Art
"Fruits Basket, Vol. 4 ...",50.44,4,Sequential Art
The Wicked + The ...,14.41,3,Sequential Art
"The Sandman, Vol. 3: ...",55.55,5,Sequential Art
"Saga, Volume 3 (Saga ...",21.57,5,Sequential Art
Prodigy: The Graphic Novel ...,43.63,3,Sequential Art
Persepolis: The Story of ...,39.13,1,Sequential Art
Original Fake,31.45,3,Sequential Art
"Grayson, Vol 3: Nemesis ...",42.72,1,Sequential Art
"Fruits Basket, Vol. 3 ...",45.17,2,Sequential Art
"Black Butler, Vol. 1 ...",49.31,1,Sequential Art
Awkward,38.02,2,Sequential Art
"The Sandman, Vol. 2: ...",54.81,1,Sequential Art
"Saga, Volume 2 (Saga ...",11.75,3,Sequential Art
"Fruits Basket, Vol. 2 ...",11.64,5,Sequential Art
"Y: The Last Man, ...",18.51,4,Sequential Art
The Wicked + The ...,36.52,2,Sequential Art
"The Sandman, Vol. 1: ...",54.12,3,Sequential Art
The Complete Maus (Maus ...,10.64,3,Sequential Art
"Skip Beat!, Vol. 01 ...",42.12,3,Sequential Art
"Saga, Volume 1 (Saga ...",28.48,1,Sequential Art
"Rat Queens, Vol. 1: ...",46.96,5,Sequential Art
"Paper Girls, Vol. 1 ...",21.71,4,Sequential Art
Ouran High School Host ...,29.87,3,Sequential Art
"Ms. Marvel, Vol. 1: ...",39.39,4,Sequential Art
"Hawkeye, Vol. 1: My ...",45.24,3,Sequential Art
"Giant Days, Vol. 1 ...",56.76,4,Sequential Art
"Fruits Basket, Vol. 1 ...",40.28,5,Sequential Art
"Bleach, Vol. 1: Strawberry ...",34.65,5,Sequential Art
"Ajin: Demi-Human, Volume 1 ...",57.06,4,Sequential Art
The Secret Garden,15.08,4,Classics
The Metamorphosis,28.58,1,Classics
The Pilgrim's Progress,50.26,2,Classics
The Hound of the ...,14.82,2,Classics
Little Women (Little Women ...,28.07,4,Classics
Gone with the Wind,32.49,3,Classics
Candide,58.63,3,Classics
Animal Farm,57.22,3,Classics
Wuthering Heights,17.73,3,Classics
The Picture of Dorian ...,29.7,2,Classics
The Complete Stories and ...,26.78,4,Classics
Beowulf,38.35,2,Classics
And Then There Were ...,35.01,2,Classics
The Story of Hong ...,43.19,4,Classics
The Little Prince,45.42,2,Classics
Sense and Sensibility,37.46,1,Classics
Of Mice and Men,47.11,2,Classics
Emma,32.93,2,Classics
Alice in Wonderland (Alice's ...,55.53,1,Classics
Sophie's World,15.94,5,Philosophy
The Death of Humanity: ...,58.11,4,Philosophy
The Stranger,17.44,4,Philosophy
Proofs of God: Classical ...,54.21,1,Philosophy
Kierkegaard: A Christian Missionary ...,47.13,1,Philosophy
At The Existentialist CafÃ©: ...,29.93,5,Philosophy
Critique of Pure Reason,20.75,1,Philosophy
"Run, Spot, Run: The ...",20.02,1,Philosophy
The Nicomachean Ethics,36.34,1,Philosophy
Meditations,25.89,2,Philosophy
Beyond Good and Evil,43.38,1,Philosophy
Chase Me (Paris Nights ...,25.27,5,Romance
Black Dust,34.53,5,Romance
Her Backup Boyfriend (The ...,33.97,1,Romance
First and First (Five ...,15.97,4,Romance
Fifty Shades Darker (Fifty ...,21.96,1,Romance
The Wedding Dress,24.12,1,Romance
Suddenly in Love (Lake ...,55.99,2,Romance
Something More Than This,16.24,4,Romance
Doing It Over (Most ...,35.61,3,Romance
The Wedding Pact (The ...,32.61,3,Romance
Hold Your Breath (Search ...,28.82,1,Romance
Dirty (Dive Bar #1),40.83,4,Romance
Take Me Home Tonight ...,53.98,3,Romance
Off the Hook (Fishing ...,47.67,3,Romance
A Gentleman's Position (Society ...,14.75,5,Romance
"Sit, Stay, Love",20.9,3,Romance
A Girl's Guide to ...,31.3,1,Romance
The Perfect Play (Play ...,59.99,3,Romance
Dark Lover (Black Dagger ...,12.87,1,Romance
Changing the Game (Play ...,13.38,3,Romance
A Walk to Remember,56.43,1,Romance
The Purest Hook (Second ...,12.25,1,Romance
The Obsession,45.43,1,Romance
Reservations for Two,11.1,3,Romance
Best of My Love ...,27.41,2,Romance
Where Lightning Strikes (Bleeding ...,39.77,3,Romance
This One Moment (Pushing ...,48.71,1,Romance
"Rhythm, Chord & Malykhin",28.34,2,Romance
My Perfect Mistake (Over ...,38.92,2,Romance
Listen to Me (Fusion ...,58.99,3,Romance
Imperfect Harmony,34.74,4,Romance
Fighting Fate (Fighting #6),39.24,3,Romance
Deep Under (Walker Security ...,47.09,5,Romance
Charity's Cross (Charles Towne ...,41.24,1,Romance
Bounty (Colorado Mountain #7),37.26,4,Romance
I Had a Nice ...,57.36,4,Womens Fiction
Will You Won't You ...,13.86,3,Womens Fiction
Keep Me Posted,20.46,4,Womens Fiction
Grey (Fifty Shades #4),48.49,4,Womens Fiction
Meternity,43.58,3,Womens Fiction
Some Women,13.73,5,Womens Fiction
Shopaholic Ties the Knot ...,48.39,5,Womens Fiction
Can You Keep a ...,21.94,1,Womens Fiction
Twenties Girl,42.8,2,Womens Fiction
The Undomestic Goddess,45.75,4,Womens Fiction
The Nanny Diaries (Nanny ...,52.53,5,Womens Fiction
The Devil Wears Prada ...,44.29,1,Womens Fiction
Something Borrowed (Darcy & ...,48.96,5,Womens Fiction
Something Blue (Darcy & ...,54.62,1,Womens Fiction
I've Got Your Number,19.69,1,Womens Fiction
The Edge of Reason ...,19.18,4,Womens Fiction
Bridget Jones's Diary (Bridget ...,29.82,1,Womens Fiction
Soumission,50.1,1,Fiction
Private Paris (Private #10),47.61,5,Fiction
"We Love You, Charlie ...",50.27,5,Fiction
Thirst,17.27,5,Fiction
The Murder That Never ...,54.11,3,Fiction
Tuesday Nights in 1980,21.04,2,Fiction
The Vacationers,42.15,4,Fiction
The Regional Office Is ...,51.36,5,Fiction
Finders Keepers (Bill Hodges ...,53.53,5,Fiction
The Time Keeper,27.88,5,Fiction
The Testament of Mary,52.67,4,Fiction
The First Hostage (J.B. ...,25.85,3,Fiction
Take Me with You,45.21,3,Fiction
Still Life with Bread ...,26.41,3,Fiction
Shtum,55.84,4,Fiction
My Name Is Lucy ...,41.56,1,Fiction
My Mrs. Brown,24.48,3,Fiction
Mr. Mercedes (Bill Hodges ...,28.9,1,Fiction
I Am Pilgrim (Pilgrim ...,10.6,4,Fiction
Eligible (The Austen Project ...,27.09,3,Fiction
Eight Hundred Grapes,14.39,4,Fiction
Dear Mr. Knightley,11.21,5,Fiction
Cometh the Hour (The ...,25.01,3,Fiction
Balloon Animals,17.03,3,Fiction
A Man Called Ove,39.72,1,Fiction
The Silent Sister (Riley ...,46.29,5,Fiction
The Dinner Party,56.54,2,Fiction
The Improbability of Love,59.45,1,Fiction
Mothering Sunday,13.34,2,Fiction
Lies and Other Acts ...,45.14,1,Fiction
Daredevils,16.34,3,Fiction
11/22/63,48.48,3,Fiction
The Shack,28.03,1,Fiction
The High Mountains of ...,51.15,1,Fiction
Miller's Valley,58.54,2,Fiction
Hystopia: A Novel,21.96,4,Fiction
The Bourne Identity (Jason ...,42.78,4,Fiction
Sister Dear,40.2,4,Fiction
Memoirs of a Geisha,49.67,3,Fiction
Me Before You (Me ...,19.02,1,Fiction
Deception Point,40.32,4,Fiction
The Little Paris Bookshop,24.73,3,Fiction
The Firm,45.56,3,Fiction
The Expatriates,44.58,2,Fiction
Siddhartha,34.22,5,Fiction
Last One Home (New ...,59.98,3,Fiction
Digital Fortress,58.0,5,Fiction
Atlas Shrugged,26.58,5,Fiction
Three-Martini Lunch,23.21,3,Fiction
The Nightingale,26.26,4,Fiction
The Infinities,27.41,1,Fiction
The Husband's Secret,52.51,5,Fiction
The Da Vinci Code ...,22.96,2,Fiction
The Art of Fielding,22.1,1,Fiction
Lila (Gilead #3),12.47,3,Fiction
Jurassic Park (Jurassic Park ...,44.97,1,Fiction
Inferno (Robert Langdon #4),41.0,5,Fiction
Crazy Rich Asians (Crazy ...,49.13,5,Fiction
Big Little Lies,22.11,1,Fiction
The Course of Love,16.78,3,Fiction
When I'm Gone,51.96,3,Fiction
The Silent Wife,12.34,5,Fiction
The Bette Davis Club,30.66,3,Fiction
Kitchens of the Great ...,57.2,5,Fiction
Bright Lines,39.07,5,Fiction
Birdsong: A Story in ...,54.64,3,Childrens
The Bear and the ...,36.89,1,Childrens
The Secret of Dreadwillow ...,56.13,1,Childrens
The White Cat and ...,58.08,4,Childrens
Little Red,13.47,3,Childrens
Walt Disney's Alice in ...,12.96,5,Childrens
Twenty Yawns,22.08,2,Childrens
Rain Fish,23.57,3,Childrens
Once Was a Time,18.28,2,Childrens
Luis Paints the World,53.95,3,Childrens
Nap-a-Roo,25.08,1,Childrens
The Whale,35.96,4,Childrens
"Shrunken Treasures: Literary Classics, ...",52.87,3,Childrens
Raymie Nightingale,34.41,2,Childrens
Playing from the Heart,32.38,1,Childrens
Maybe Something Beautiful: How ...,22.54,1,Childrens
The Wild Robot,56.07,3,Childrens
The Thing About Jellyfish,48.77,1,Childrens
The Lonely Ones,43.59,5,Childrens
The Day the Crayons ...,26.33,5,Childrens
The Cat in the ...,16.26,2,Childrens
Red: The True Story ...,28.54,3,Childrens
Horrible Bear!,37.52,2,Childrens
Green Eggs and Ham ...,10.79,4,Childrens
Counting Thyme,10.62,1,Childrens
Are We There Yet?,10.66,3,Childrens
Diary of a Minecraft ...,52.88,4,Childrens
Matilda,28.34,1,Childrens
Charlie and the Chocolate ...,22.85,3,Childrens
Don't Be a Jerk: ...,37.97,2,Religion
You Are What You ...,21.87,4,Religion
God: The Most Unpleasant ...,30.03,5,Religion
The Book of Mormon,24.57,3,Religion
A History of God: ...,27.62,1,Religion
The Bhagavad Gita,57.49,3,Religion
Choosing Our Religion: The ...,28.42,4,Religion
Worlds Elsewhere: Journeys Around ...,40.3,5,Nonfiction
The Five Love Languages: ...,31.05,3,Nonfiction
Reasons to Stay Alive,26.41,2,Nonfiction
#HigherSelfie: Wake Up Your ...,23.11,5,Nonfiction
Unseen City: The Majesty ...,44.18,4,Nonfiction
Throwing Rocks at the ...,31.12,3,Nonfiction
The Life-Changing Magic of ...,16.77,3,Nonfiction
The Gutsy Girl: Escapades ...,37.13,1,Nonfiction
The Electric Pencil: Drawings ...,56.06,1,Nonfiction
Spark Joy: An Illustrated ...,41.83,4,Nonfiction
Reskilling America: Learning to ...,19.83,2,Nonfiction
In the Country We ...,22.0,4,Nonfiction
Everydata: The Misinformation Hidden ...,54.35,2,Nonfiction
Call the Nurse: True ...,29.14,5,Nonfiction
Algorithms to Live By: ...,30.81,1,Nonfiction
The Power of Now: ...,43.54,2,Nonfiction
The Omnivore's Dilemma: A ...,38.21,2,Nonfiction
The Genius of Birds,17.24,1,Nonfiction
The Artist's Way: A ...,38.49,5,Nonfiction
So You've Been Publicly ...,12.23,2,Nonfiction
Daring Greatly: How the ...,19.43,3,Nonfiction
Big Magic: Creative Living ...,30.8,3,Nonfiction
Becoming Wise: An Inquiry ...,27.43,2,Nonfiction
Agnostic: A Spirited Manifesto,12.51,5,Nonfiction
Whole Lotta Creativity Going ...,38.2,4,Nonfiction
What's It Like in ...,19.6,2,Nonfiction
The Year of Magical ...,43.04,2,Nonfiction
The Literature Book (Big ...,17.43,3,Nonfiction
The Bad-Ass Librarians of ...,15.77,1,Nonfiction
Swell: A Year of ...,45.58,1,Nonfiction
No Dream Is Too ...,21.95,2,Nonfiction
Looking for Lovely: Collecting ...,29.14,5,Nonfiction
Let It Out: A ...,26.79,5,Nonfiction
Hamilton: The Revolution,58.79,3,Nonfiction
Far & Away: Places ...,15.06,4,Nonfiction
Eaternity: More than 150 ...,51.75,5,Nonfiction
Buying In: The Secret ...,37.8,4,Nonfiction
Brain on Fire: My ...,49.32,5,Nonfiction
Abstract City,56.37,5,Nonfiction
13 Hours: The Inside ...,27.06,1,Nonfiction
The Lonely City: Adventures ...,33.26,2,Nonfiction
The Diary of a ...,59.9,3,Nonfiction
Snatched: How A Drug ...,21.21,3,Nonfiction
Furiously Happy: A Funny ...,41.46,4,Nonfiction
The Sleep Revolution: Transforming ...,11.68,4,Nonfiction
"Mother, Can You Not?",16.89,5,Nonfiction
A Mother's Reckoning: Living ...,19.53,3,Nonfiction
10% Happier: How I ...,24.57,2,Nonfiction
Chernobyl 01:23:40: The Incredible ...,35.92,2,Nonfiction
Zero to One: Notes ...,34.06,3,Nonfiction
Why Not Me?,17.76,1,Nonfiction
When Breath Becomes Air,39.36,2,Nonfiction
"The Midnight Assassin: Panic, ...",28.45,4,Nonfiction
Smarter Faster Better: The ...,38.89,5,Nonfiction
Rising Strong,21.82,3,Nonfiction
Man's Search for Meaning,29.48,3,Nonfiction
Love That Boy: What ...,25.06,2,Nonfiction
Living Forward: A Proven ...,12.55,3,Nonfiction
I Will Find You,44.21,1,Nonfiction
Brazen: The Courage to ...,19.22,2,Nonfiction
Between the World and ...,56.91,4,Nonfiction
Being Mortal: Medicine and ...,55.06,4,Nonfiction
A Murder Over a ...,13.2,3,Nonfiction
For the Love: Fighting ...,45.13,3,Nonfiction
Finding God in the ...,46.64,2,Nonfiction
The Man Who Mistook ...,59.45,4,Nonfiction
In Cold Blood,49.98,4,Nonfiction
"Girl, Interrupted",42.14,3,Nonfiction
Why Save the Bankers?: ...,48.67,2,Nonfiction
Talking to Girls About ...,25.15,4,Nonfiction
My Mother Was Nuts,31.63,4,Nonfiction
"Data, A Love Story: ...",32.35,3,Nonfiction
The Jazz of Physics: ...,38.71,3,Nonfiction
The Gunning of America: ...,16.81,4,Nonfiction
The Geography of Bliss: ...,28.23,2,Nonfiction
God Is Not Great: ...,27.8,1,Nonfiction
We the People: The ...,31.95,3,Nonfiction
Very Good Lives: The ...,50.66,3,Nonfiction
"Unstuffed: Decluttering Your Home, ...",58.09,1,Nonfiction
Under the Banner of ...,30.0,1,Nonfiction
Trespassing Across America: One ...,53.51,1,Nonfiction
The Name of God ...,37.25,2,Nonfiction
Stiff: The Curious Lives ...,36.74,3,Nonfiction
Spilled Milk: Based on ...,49.51,1,Nonfiction
Rise of the Rocket ...,41.67,4,Nonfiction
Outliers: The Story of ...,14.16,1,Nonfiction
Notes from a Small ...,40.17,1,Nonfiction
Night (The Night Trilogy ...,13.51,1,Nonfiction
Miracles from Heaven: A ...,57.83,1,Nonfiction
Letter to a Christian ...,22.2,1,Nonfiction
Let's Pretend This Never ...,45.11,1,Nonfiction
It's Never Too Late ...,42.38,1,Nonfiction
Into the Wild,56.7,5,Nonfiction
In the Garden of ...,28.85,3,Nonfiction
I Am Malala: The ...,28.88,2,Nonfiction
Gratitude,26.66,5,Nonfiction
Disrupted: My Misadventure in ...,15.28,5,Nonfiction
Brave Enough,51.32,5,Nonfiction
Born to Run: A ...,27.35,2,Nonfiction
Blink: The Power of ...,21.74,5,Nonfiction
Black Flags: The Rise ...,40.87,1,Nonfiction
Are We Smart Enough ...,56.58,1,Nonfiction
A Walk in the ...,30.48,4,Nonfiction
The Suffragettes (Little Black ...,11.89,2,Nonfiction
Kindle Paperwhite User's Guide,34.0,3,Nonfiction
H is for Hawk,57.42,5,Nonfiction
Travels with Charley: In ...,57.82,5,Nonfiction
The Tumor,41.56,5,Nonfiction
The End of the ...,14.4,1,Nonfiction
"Eat, Pray, Love",51.32,3,Nonfiction
Rip it Up and ...,35.02,5,Music
Our Band Could Be ...,57.25,3,Music
How Music Works,37.32,2,Music
Love Is a Mix ...,18.03,1,Music
Please Kill Me: The ...,31.19,4,Music
Kill 'Em and Leave: ...,45.05,5,Music
"Chronicles, Vol. 1",52.6,2,Music
This Is Your Brain ...,38.4,1,Music
Orchestra of Exiles: The ...,12.36,3,Music
No One Here Gets ...,20.02,5,Music
Life,31.58,5,Music
Old Records Never Die: ...,55.66,2,Music
Forever Rockers (The Rocker ...,28.8,3,Music
The Coming Woman: A ...,17.93,3,Default
The Boys in the ...,22.6,4,Default
Starving Hearts (Triangular Trade ...,13.99,2,Default
America's Cradle of Quarterbacks: ...,22.5,3,Default
Aladdin and His Wonderful ...,53.13,3,Default
Penny Maybe,33.29,3,Default
Maude (1883-1993):She Grew Up ...,18.02,2,Default
The Inefficiency Assassin: Time ...,20.59,5,Default
Soul Reader,39.58,2,Default
Bossypants,49.46,2,Default
A World of Flavor: ...,42.95,1,Default
"A Piece of Sky, ...",56.76,5,Default
Tracing Numbers on a ...,41.6,3,Default
Thirteen Reasons Why,52.72,1,Default
The Secret (The Secret ...,27.37,4,Default
The Psychopath Test: A ...,36.0,2,Default
The Kite Runner,41.82,4,Default
The Girl on the ...,55.02,2,Default
The Emerald Mystery,23.15,2,Default
The Bridge to Consciousness: ...,32.0,3,Default
The Art of War,33.34,5,Default
Secrets and Lace (Fatal ...,20.27,1,Default
Romero and Juliet: A ...,36.94,1,Default
Poses for Artists Volume ...,41.06,1,Default
Miss Peregrineâs Home for ...,10.76,1,Default
Large Print Heart of ...,19.15,2,Default
Grumbles,22.16,2,Default
First Steps for New ...,29.0,1,Default
Eureka Trivia 6.0,54.59,4,Default
Drive: The Surprising Truth ...,34.95,4,Default
Done Rubbed Out (Reightman ...,37.72,5,Default
Beauty Restored (Riley Family ...,11.11,2,Default
Ayumi's Violin,15.48,2,Default
Anonymous,46.82,4,Default
Amy Meets the Saints ...,18.46,3,Default
Amatus,50.54,5,Default
V for Vendetta (V ...,37.1,4,Default
Unbroken: A World War ...,45.95,2,Default
The Wright Brothers,56.8,4,Default
The Songs of the ...,44.48,5,Default
The Rosie Project (Don ...,54.04,1,Default
The Power of Habit: ...,16.88,3,Default
Steve Jobs,39.5,5,Default
Luckiest Girl Alive,49.83,3,Default
Living Leadership by Insight: ...,46.91,4,Default
Lady Midnight (The Dark ...,16.28,5,Default
"Hush, Hush (Hush, Hush ...",47.02,3,Default
Greek Mythic History,10.23,5,Default
Every Last Word,46.47,3,Default
Daily Fantasy Sports,36.58,1,Default
Clockwork Angel (The Infernal ...,44.14,1,Default
City of Fallen Angels ...,11.23,4,Default
City of Bones (The ...,43.28,1,Default
City of Ashes (The ...,47.27,1,Default
"Carry On, Warrior: Thoughts ...",31.85,3,Default
Carrie,46.23,2,Default
Angels & Demons (Robert ...,51.48,3,Default
"The Three Searches, Meaning, ...",13.33,3,Default
Raspberry Pi Electronics Projects ...,49.67,4,Default
How to Speak Golf: ...,58.32,5,Default
Eleanor & Park,56.51,5,Default
Troublemaker: Surviving Hollywood and ...,48.39,2,Default
Adultery,20.88,5,Default
Unlimited Intuition Now,58.87,4,Default
Underlying Notes,11.82,2,Default
The New Brand You: ...,44.05,5,Default
The Flowers Lied,16.68,2,Default
NaNo What Now? Finding ...,10.41,4,Default
Modern Day Fables,47.44,2,Default
The Unlikely Pilgrimage of ...,43.62,5,Default
The Martian (The Martian ...,41.39,2,Default
Left Behind (Left Behind ...,40.72,2,Default
John Vassos: Industrial Design ...,20.22,4,Default
I'll Give You the ...,56.48,1,Default
Heaven is for Real: ...,52.86,2,Default
Ender's Game (The Ender ...,43.64,1,Default
Death by Leisure: A ...,37.51,4,Default
Wildlife of New York: ...,22.14,2,Default
The Year of Living ...,34.72,1,Default
The Great Gatsby,36.05,4,Default
The Good Girl,49.03,3,Default
The 7 Habits of ...,33.17,4,Default
Steal Like an Artist: ...,20.9,2,Default
Life of Pi,13.22,4,Default
The Sound Of Love,57.84,5,Default
The Perks of Being ...,55.02,3,Default
The Makings of a ...,31.58,2,Default
The Hobbit (Middle-Earth Universe),17.8,5,Default
The Fellowship of the ...,10.27,2,Default
Ship Leaves Harbor: Essays ...,30.6,3,Default
Musicophilia: Tales of Music ...,46.58,1,Default
What If?: Serious Scientific ...,53.68,4,Default
The Fault in Our ...,47.22,1,Default
The Dream Thieves (The ...,34.5,1,Default
The 5th Wave (The ...,11.83,2,Default
Shiver (The Wolves of ...,16.23,5,Default
Remember Me?,11.48,3,Default
If I Stay (If ...,38.13,5,Default
I Know Why the ...,36.55,2,Default
Harry Potter and the ...,23.32,1,Default
Fool Me Once,16.96,1,Default
Drama,38.7,2,Default
"Blue Lily, Lily Blue ...",34.13,5,Default
Alight (The Generations Trilogy ...,58.59,4,Default
Vogue Colors A to ...,52.35,4,Default
The Shining (The Shining ...,27.88,3,Default
The Hunger Games (The ...,29.85,5,Default
Outlander (Outlander #1),19.67,5,Default
Mockingjay (The Hunger Games ...,20.44,4,Default
Harry Potter and the ...,13.9,3,Default
Confessions of a Shopaholic ...,48.94,2,Default
Zero History (Blue Ant ...,34.77,1,Default
World War Z: An ...,21.8,1,Default
Wild: From Lost to ...,46.02,3,Default
"Where'd You Go, Bernadette",18.13,1,Default
Twilight (Twilight #1),41.93,2,Default
The Paris Wife,36.8,3,Default
The Maze Runner (The ...,20.93,1,Default
The Lover's Dictionary,58.09,2,Default
The Goldfinch,43.58,3,Default
The Giver (The Giver ...,12.3,1,Default
The Girl Who Played ...,22.14,2,Default
The Demon-Haunted World: Science ...,52.25,4,Default
The Book Thief,53.49,2,Default
The Autobiography of Malcolm ...,23.43,2,Default
Shopaholic & Baby (Shopaholic ...,46.45,2,Default
Quiet: The Power of ...,43.55,1,Default
Packing for Mars: The ...,56.68,2,Default
Orange Is the New ...,24.61,2,Default
One for the Money ...,32.87,2,Default
Morning Star (Red Rising ...,29.4,1,Default
Life After Life,26.13,2,Default
"Lean In: Women, Work, ...",25.02,1,Default
Is Everyone Hanging Out ...,20.11,3,Default
Gone Girl,37.6,5,Default
Fellside,38.62,1,Default
Eclipse (Twilight #3),18.74,1,Default
Dracula,52.62,3,Default
Dead Wake: The Last ...,39.24,5,Default
"David and Goliath: Underdogs, ...",17.81,1,Default
Dark Places,23.9,5,Default
Breaking Dawn (Twilight #4),35.28,5,Default
Beautiful Creatures (Caster Chronicles ...,21.55,5,Default
A Visit from the ...,14.08,5,Default
The Zombie Room,19.69,5,Default
The Name of the ...,50.59,3,Default
Taking Shots (Assassins #1),18.88,2,Default
Shatter Me (Shatter Me ...,42.4,1,Default
Paradise Lost (Paradise #1),24.96,1,Default
On the Road (Duluoz ...,32.36,3,Default
Jane Eyre,38.43,5,Default
Frankenstein,38.0,2,Default
Mesaerion: The Best Science ...,37.59,1,Science Fiction
Join,35.67,5,Science Fiction
William Shakespeare's Star Wars: ...,43.3,4,Science Fiction
The Project,10.65,1,Science Fiction
Soft Apocalypse,26.12,2,Science Fiction
Sleeping Giants (Themis Files ...,48.74,1,Science Fiction
Arena,21.36,4,Science Fiction
Foundation (Foundation (Publication Order) ...,32.42,1,Science Fiction
The Restaurant at the ...,10.92,1,Science Fiction
Ready Player One,19.07,4,Science Fiction
"Life, the Universe and ...",33.26,2,Science Fiction
Dune (Dune #1),54.86,1,Science Fiction
Do Androids Dream of ...,51.48,1,Science Fiction
Three Wishes (River of ...,44.18,2,Science Fiction
The Last Girl (The ...,36.26,2,Science Fiction
Having the Barbarian's Baby ...,34.96,4,Science Fiction
The Book of Basketball: ...,44.84,5,Sports and Games
Friday Night Lights: A ...,51.22,3,Sports and Games
Sugar Rush (Offensive Line ...,24.42,1,Sports and Games
Settling the Score (The ...,44.91,2,Sports and Games
Icing (Aces Hockey #2),40.44,4,Sports and Games
The Torch Is Passed: ...,19.09,1,Add a comment
The Mindfulness and Acceptance ...,23.89,4,Add a comment
The Art Forger,40.76,3,Add a comment
On a Midnight Clear,14.07,3,Add a comment
Judo: Seven Steps to ...,53.9,2,Add a comment
"Shobu Samurai, Project Aryoku ...",29.06,3,Add a comment
Modern Romance,28.26,5,Add a comment
The White Queen (The ...,25.91,5,Add a comment
The Song of Achilles,37.4,5,Add a comment
The Immortal Life of ...,40.67,2,Add a comment
The Dovekeepers,48.78,1,Add a comment
More Than Music (Chasing ...,37.61,2,Add a comment
Code Name Verity (Code ...,22.13,4,Add a comment
Cell,20.29,4,Add a comment
Angels Walking (Angels Walking ...,34.2,2,Add a comment
A Series of Catastrophes ...,56.48,2,Add a comment
A People's History of ...,40.79,2,Add a comment
A Brush of Wings ...,55.51,1,Add a comment
Rook,37.86,4,Add a comment
The Midnight Watch: A ...,26.2,1,Add a comment
The Gray Rhino: How ...,59.15,4,Add a comment
The Children,11.88,3,Add a comment
One with You (Crossfire ...,15.71,4,Add a comment
Without Shame,48.27,5,Add a comment
Watchmen,58.05,4,Add a comment
A Hero's Curse (The ...,50.49,3,Add a comment
23 Degrees South: A ...,35.79,2,Add a comment
The Glass Castle,16.24,1,Add a comment
The Drowning Girls,35.67,3,Add a comment
Team of Rivals: The ...,20.12,5,Add a comment
John Adams,57.43,4,Add a comment
Good in Bed (Cannie ...,37.05,5,Add a comment
The Joy of Cooking,43.27,4,Add a comment
The Golden Compass (His ...,18.77,1,Add a comment
The God Delusion,46.85,3,Add a comment
Pride and Prejudice,19.27,4,Add a comment
Mere Christianity,48.51,3,Add a comment
Fun Home: A Family ...,56.59,4,Add a comment
The Raven King (The ...,30.57,2,Add a comment
Find Her (Detective D.D. ...,22.37,1,Add a comment
Evicted: Poverty and Profit ...,42.27,1,Add a comment
A Game of Thrones ...,46.42,2,Add a comment
A Clash of Kings ...,10.79,3,Add a comment
The Tipping Point: How ...,10.02,2,Add a comment
The Rest Is Noise: ...,34.77,1,Add a comment
The Purpose Driven Life: ...,37.19,3,Add a comment
The Hitchhiker's Guide to ...,47.8,3,Add a comment
The Girl Who Kicked ...,57.48,1,Add a comment
The End of Faith: ...,22.13,4,Add a comment
The Complete Poems,41.32,5,Add a comment
The Catcher in the ...,24.55,1,Add a comment
The Case for Christ ...,47.84,1,Add a comment
The Blind Side: Evolution ...,53.71,5,Add a comment
Seven Days in the ...,52.33,2,Add a comment
Sarah's Key,46.29,1,Add a comment
Rogue Lawyer (Rogue Lawyer ...,50.11,3,Add a comment
Manuscript Found in Accra,34.98,2,Add a comment
Fire Bound (Sea Haven/Sisters ...,21.28,4,Add a comment
Cosmos,36.17,2,Add a comment
#GIRLBOSS,50.96,1,Add a comment
The Sense of an ...,31.38,3,Add a comment
The Republic,33.78,3,Add a comment
The Odyssey,29.64,3,Add a comment
The Light of the ...,54.43,1,Add a comment
The Iliad,16.16,1,Add a comment
The Communist Manifesto,14.76,3,Add a comment
Lord of the Flies,24.89,3,Add a comment
Unicorn Tracks,18.78,3,Fantasy
"Saga, Volume 6 (Saga ...",25.02,3,Fantasy
Princess Between Worlds (Wide-Awake ...,13.34,5,Fantasy
Masks and Shadows,56.4,2,Fantasy
Crown of Midnight (Throne ...,43.29,3,Fantasy
Avatar: The Last Airbender: ...,28.09,2,Fantasy
A Court of Thorns ...,52.37,1,Fantasy
Throne of Glass (Throne ...,35.07,3,Fantasy
The Glittering Court (The ...,44.28,1,Fantasy
Hollow City (Miss Peregrineâs ...,42.98,1,Fantasy
The Star-Touched Queen,46.02,5,Fantasy
The Hidden Oracle (The ...,52.26,2,Fantasy
The Bane Chronicles (The ...,44.73,4,Fantasy
Island of Dragons (Unwanteds ...,29.65,1,Fantasy
Demigods & Magicians: Percy ...,37.51,5,Fantasy
City of Glass (The ...,56.02,4,Fantasy
Searching for Meaning in ...,38.73,1,Fantasy
The Star-Touched Queen,32.3,5,Fantasy
A Shard of Ice ...,56.63,3,Fantasy
King's Folly (The Kinsman ...,39.61,5,Fantasy
Every Heart a Doorway ...,12.16,5,Fantasy
A Gathering of Shadows ...,44.81,4,Fantasy
The Raven Boys (The ...,57.74,4,Fantasy
The False Prince (The ...,56.0,5,Fantasy
Tell the Wind and ...,45.51,3,Fantasy
A Feast for Crows ...,17.21,4,Fantasy
The Demonists (Demonist #1),52.11,2,Fantasy
The Beast (Black Dagger ...,46.08,5,Fantasy
Paper and Fire (The ...,49.45,5,Fantasy
Harry Potter and the ...,31.63,4,Fantasy
Harry Potter and the ...,48.75,5,Fantasy
Harry Potter and the ...,14.74,1,Fantasy
The Rose & the ...,58.64,4,Fantasy
Soldier (Talon #3),24.72,2,Fantasy
Midnight Riot (Peter Grant/ ...,55.46,2,Fantasy
Heir to the Sky,44.07,4,Fantasy
Eragon (The Inheritance Cycle ...,43.87,3,Fantasy
Darkfever (Fever #1),56.02,1,Fantasy
Ash,22.06,4,Fantasy
A Storm of Swords ...,31.22,2,Fantasy
Vampire Girl (Vampire Girl ...,53.82,2,Fantasy
The Silent Twin (Detective ...,36.25,3,Fantasy
The Mirror & the ...,29.38,1,Fantasy
Sister Sable (The Mad ...,13.33,3,Fantasy
Shadow Rites (Jane Yellowrock ...,21.72,4,Fantasy
Origins (Alphas 0.5),28.99,1,Fantasy
One Second (Seven #7),52.94,2,Fantasy
Myriad (Prentor #1),58.75,4,Fantasy
Without Borders (Wanderlove #1),45.07,2,New Adult
The Mistake (Off-Campus #2),43.29,3,New Adult
The Matchmaker's Playbook (Wingmen ...,55.85,1,New Adult
The Hook Up (Game ...,36.29,5,New Adult
Shameless,58.35,3,New Adult
Off Sides (Off #1),39.45,5,New Adult
The Requiem Red,22.65,1,Young Adult
Set Me Free,17.46,5,Young Adult
The Natural History of ...,45.22,3,Young Adult
Obsidian (Lux #1),14.86,2,Young Adult
Burning,28.81,3,Young Adult
A Fierce and Subtle ...,28.13,4,Young Adult
Scarlett Epstein Hates It ...,43.55,5,Young Adult
"Nightingale, Sing",38.28,1,Young Adult
Library of Souls (Miss ...,48.56,5,Young Adult
Frostbite (Vampire Academy #2),29.99,5,Young Adult
Wild Swans,14.36,2,Young Adult
Until Friday Night (The ...,46.31,2,Young Adult
This Is Where It ...,27.12,2,Young Adult
The Darkest Lie,35.35,5,Young Adult
My Kind of Crazy,40.36,1,Young Adult
Don't Get Caught,55.35,1,Young Adult
Catching Jordan (Hundred Oaks),50.83,3,Young Adult
Aristotle and Dante Discover ...,58.14,4,Young Adult
The Epidemic (The Program ...,14.44,5,Young Adult
Stars Above (The Lunar ...,48.05,2,Young Adult
No Love Allowed (Dodge ...,54.65,4,Young Adult
"Exit, Pursued by a ...",51.34,4,Young Adult
The Alien Club,54.4,1,Young Adult
Don't Forget Steven,33.23,1,Young Adult
South of Sunshine,28.93,1,Young Adult
My Life Next Door ...,36.39,5,Young Adult
Future Shock (Future Shock ...,55.65,5,Young Adult
Nightstruck: A Novel,50.35,4,Young Adult
Tell the Wolves I'm ...,50.96,2,Young Adult
"Will Grayson, Will Grayson ...",47.31,4,Young Adult
Where She Went (If ...,41.73,4,Young Adult
Two Summers,14.64,1,Young Adult
The Darkest Corners,11.33,5,Young Adult
Tell Me Three Things,41.81,1,Young Adult
Lola and the Boy ...,23.63,4,Young Adult
Kill the Boy Band,15.52,5,Young Adult
Isla and the Happily ...,48.13,5,Young Adult
An Abundance of Katherines,10.0,5,Young Adult
Harry Potter and the ...,24.17,4,Young Adult
Walk the Edge (Thunder ...,32.36,3,Young Adult
Two Boys Kissing,32.74,2,Young Adult
The New Guy (and ...,44.92,3,Young Adult
"The Land of 10,000 ...",29.64,4,Young Adult
Scarlet (The Lunar Chronicles ...,14.57,4,Young Adult
Legend (Legend #1),43.69,4,Young Adult
Lady Renegades (Rebel Belle ...,53.04,5,Young Adult
Golden (Heart of Dread ...,42.21,4,Young Adult
Cinder (The Lunar Chronicles ...,26.09,1,Young Adult
Boy Meets Boy,21.12,3,Young Adult
Annie on My Mind,36.83,5,Young Adult
New Moon (Twilight #2),12.86,4,Young Adult
Girl Online On Tour ...,53.47,1,Young Adult
The Haters,27.89,5,Young Adult
The Art of Not ...,40.83,4,Young Adult
The Most Perfect Thing: ...,42.96,4,Science
Immunity: How Elie Metchnikoff ...,57.36,5,Science
Sorting the Beef from ...,44.74,4,Science
Tipping Point for Planet ...,37.55,1,Science
The Fabric of the ...,55.91,1,Science
Diary of a Citizen ...,28.41,1,Science
The Origin of Species,10.01,4,Science
The Grand Design,13.76,3,Science
Peak: Secrets from the ...,16.28,2,Science
"The Elegant Universe: Superstrings, ...",13.03,4,Science
The Disappearing Spoon: And ...,57.35,5,Science
"Surely You're Joking, Mr. ...",25.83,2,Science
Seven Brief Lessons on ...,30.6,4,Science
The Selfish Gene,29.45,1,Science
A Light in the ...,51.77,3,Poetry
The Black Maria,52.15,1,Poetry
Shakespeare's Sonnets,20.66,4,Poetry
Olio,23.88,1,Poetry
You can't bury them ...,33.63,2,Poetry
Slow States of Collapse: ...,57.31,3,Poetry
Untitled Collection: Sabbath Poems ...,14.27,4,Poetry
Poems That Make Grown ...,14.19,4,Poetry
Night Sky with Exit ...,41.05,1,Poetry
salt.,46.78,4,Poetry
Quarter Life Poetry: Poems ...,50.89,5,Poetry
Out of Print: City ...,53.64,5,Poetry
Les Fleurs du Mal,29.04,5,Poetry
Howl and Other Poems,40.45,2,Poetry
Leave This Song Behind: ...,51.17,5,Poetry
The Collected Poems of ...,15.42,5,Poetry
The Crossover,38.77,4,Poetry
Booked,17.49,5,Poetry
Twenty Love Poems and ...,30.95,4,Poetry
"Vampire Knight, Vol. 1 ...",15.4,1,Paranormal
Wall and Piece,44.18,4,Art
Feathers: Displays of Brilliant ...,49.05,3,Art
Art and Fear: Observations ...,48.63,4,Art
The New Drawing on ...,43.02,3,Art
History of Beauty,10.29,4,Art
The Story of Art,41.14,4,Art
The Art Book,32.34,2,Art
Ways of Seeing,39.51,5,Art
The Lucifer Effect: Understanding ...,10.4,1,Psychology
The Golden Condom: And ...,39.43,1,Psychology
It Didn't Start with ...,56.27,3,Psychology
An Unquiet Mind: A ...,21.3,3,Psychology
"Thinking, Fast and Slow",21.14,1,Psychology
Civilization and Its Discontents,59.95,2,Psychology
8 Keys to Mental ...,31.04,1,Psychology
The Argonauts,10.93,2,Autobiography
M Train,27.18,1,Autobiography
Lab Girl,40.85,1,Autobiography
Approval Junkie: Adventures in ...,58.81,5,Autobiography
Running with Scissors,12.91,4,Autobiography
Me Talk Pretty One ...,57.6,2,Autobiography
Lust & Wonder,11.87,2,Autobiography
Life Without a Recipe,59.04,5,Autobiography
A Heartbreaking Work of ...,54.29,5,Autobiography
Catastrophic Happiness: Finding Joy ...,37.35,2,Parenting
Fifty Shades Freed (Fifty ...,15.36,5,Adult Fiction
The Long Haul (Diary ...,44.07,1,Humor
Old School (Diary of ...,11.83,5,Humor
I Know What I'm ...,25.98,4,Humor
Hyperbole and a Half: ...,14.75,5,Humor
Dress Your Family in ...,43.68,3,Humor
Toddlers Are A**holes: It's ...,25.55,1,Humor
When You Are Engulfed ...,30.89,5,Humor
Naked,31.69,3,Humor
Lamb: The Gospel According ...,55.5,5,Humor
Holidays on Ice,51.07,2,Humor
Security,39.25,2,Horror
Follow You Home,21.36,1,Horror
The Loney,23.4,1,Horror
Pet Sematary,10.56,3,Horror
Doctor Sleep (The Shining ...,40.12,2,Horror
Psycho: Sanitarium (Psycho #1.5),36.97,5,Horror
Can You Keep a ...,48.64,1,Horror
Red Dragon (Hannibal Lecter ...,23.37,3,Horror
Dracula the Un-Dead,35.63,5,Horror
Night Shift (Night Shift ...,12.75,4,Horror
Needful Things,47.51,4,Horror
Misery,34.79,2,Horror
It,25.01,3,Horror
'Salem's Lot,49.56,4,Horror
The Stand,57.86,2,Horror
The Girl with All ...,49.47,3,Horror
House of Leaves,54.89,1,Horror
Sapiens: A Brief History ...,54.23,5,History
Unbound: How Eight Technologies ...,25.52,1,History
The Age of Genius: ...,19.73,1,History
"Political Suicide: Missteps, Peccadilloes, ...",36.28,2,History
Thomas Jefferson and the ...,59.64,1,History
Zealot: The Life and ...,24.7,3,History
A Distant Mirror: The ...,14.58,3,History
1491: New Revelations of ...,21.8,3,History
Brilliant Beacons: A History ...,11.45,3,History
"""Most Blessed of the ...",44.48,5,History
A Short History of ...,52.4,5,History
The Rise and Fall ...,39.67,2,History
Catherine the Great: Portrait ...,58.55,4,History
The Mathews Men: Seven ...,42.91,5,History
The Hiding Place,55.91,4,History
America's War for the ...,51.22,2,History
The Guns of August,14.54,2,History
House of Lost Worlds: ...,43.7,2,History
Foolproof Preserving: A Guide ...,30.52,3,Food and Drink
The Pioneer Woman Cooks: ...,56.41,1,Food and Drink
My Paris Kitchen: Recipes ...,33.37,2,Food and Drink
Mama Tried: Traditional Italian ...,14.02,4,Food and Drink
"Layered: Baking, Building, and ...",40.11,1,Food and Drink
The Nerdy Nummies Cookbook: ...,37.34,5,Food and Drink
The Love and Lemons ...,37.6,2,Food and Drink
The Cookies & Cups ...,41.25,1,Food and Drink
Deliciously Ella Every Day: ...,42.16,3,Food and Drink
The Help Yourself Cookbook ...,28.77,3,Food and Drink
"It's All Easy: Healthy, ...",19.55,1,Food and Drink
Barefoot Contessa Back to ...,28.01,1,Food and Drink
Barefoot Contessa at Home: ...,50.62,5,Food and Drink
My Kitchen Year: 136 ...,11.53,2,Food and Drink
Everyday Italian: 125 Simple ...,20.1,5,Food and Drink
A la Mode: 120 ...,38.77,1,Food and Drink
Cravings: Recipes for What ...,20.5,3,Food and Drink
The Moosewood Cookbook: Recipes ...,12.34,4,Food and Drink
32 Yolks,53.63,2,Food and Drink
Naturally Lean: 125 Nourishing ...,11.38,5,Food and Drink
How to Cook Everything ...,46.01,4,Food and Drink
How to Be a ...,28.25,2,Food and Drink
The Barefoot Contessa Cookbook,59.92,5,Food and Drink
Better Homes and Gardens ...,39.61,3,Food and Drink
The Power Greens Cookbook: ...,11.05,5,Food and Drink
Mexican Today: New and ...,24.91,5,Food and Drink
Vegan Vegetarian Omnivore: Dinner ...,13.66,2,Food and Drink
The Smitten Kitchen Cookbook,23.59,1,Food and Drink
The Art of Simple ...,34.32,3,Food and Drink
Hungry Girl Clean & ...,33.14,3,Food and Drink
Redeeming Love,20.47,5,Christian Fiction
Close to You,49.46,4,Christian Fiction
Shadows of the Past ...,39.67,5,Christian Fiction
Like Never Before (Walker ...,28.77,2,Christian Fiction
Counted With the Stars ...,17.97,5,Christian Fiction
If I Run (If ...,49.97,4,Christian Fiction
The Dirty Little Secrets ...,33.34,4,Business
The Third Wave: An ...,12.61,5,Business
The 10% Entrepreneur: Live ...,27.55,3,Business
Shoe Dog: A Memoir ...,23.99,2,Business
Made to Stick: Why ...,38.85,5,Business
Quench Your Own Thirst: ...,43.14,1,Business
The Art of Startup ...,21.0,3,Business
Born for This: How ...,21.59,5,Business
The E-Myth Revisited: Why ...,36.91,1,Business
"Rich Dad, Poor Dad",51.74,1,Business
The Lean Startup: How ...,33.92,3,Business
Rework,44.88,2,Business
Louisa: The Extraordinary Life ...,16.85,2,Biography
Setting the World on ...,21.15,2,Biography
The Faith of Christopher ...,39.55,1,Biography
Benjamin Franklin: An American ...,48.19,3,Biography
The Rise of Theodore ...,42.57,3,Biography
In Her Wake,12.84,1,Thriller
The Elephant Tree,23.82,5,Thriller
Behind Closed Doors,52.22,4,Thriller
You (You #1),43.61,5,Thriller
The Guilty (Will Robie ...,13.82,2,Thriller
The 14th Colony (Cotton ...,39.24,1,Thriller
Give It Back,18.32,2,Thriller
Killing Floor (Jack Reacher ...,31.49,4,Thriller
The Bone Hunters (Lexy ...,59.71,3,Thriller
Far From True (Promise ...,34.93,2,Thriller
The Travelers,15.77,1,Thriller
When We Collided,31.77,1,Contemporary
Someone Like You (The ...,52.79,5,Contemporary
We Are All Completely ...,24.04,1,Contemporary
The Four Agreements: A ...,17.66,5,Spirituality
The Activist's Tao Te ...,32.24,5,Spirituality
Chasing Heaven: What Dying ...,37.8,2,Spirituality
If I Gave You ...,20.91,1,Spirituality
Unreasonable Hope: Finding Faith ...,46.33,2,Spirituality
A New Earth: Awakening ...,55.65,5,Spirituality
Logan Kade (Fallen Crest ...,13.12,2,Academic
Online Marketing for Busy ...,46.35,1,Self Help
How to Be Miserable: ...,46.03,1,Self Help
"Overload: How to Unplug, ...",52.15,3,Self Help
You Are a Badass: ...,12.08,3,Self Help
How to Stop Worrying ...,46.49,5,Self Help
All the Light We ...,29.87,5,Historical
The Girl You Left ...,15.79,1,Historical
(Un)Qualified: How God Uses ...,54.0,5,Christian
Crazy Love: Overwhelmed by ...,47.72,2,Christian
Blue Like Jazz: Nonreligious ...,25.77,1,Christian
Silence in the Dark ...,58.33,3,Suspense
The Grownup,35.88,1,Short Stories
Suzie Snowflake: One beautiful ...,54.81,5,Novels
The Bulletproof Diet: Lose ...,49.05,3,Health
"Eat Fat, Get Thin",54.07,2,Health
10-Day Green Smoothie Cleanse: ...,49.71,5,Health
The Art and Science ...,52.98,5,Health
Libertarianism for Beginners,51.33,2,Politics
Why the Right Went ...,52.65,4,Politics
Equal Is Unfair: America's ...,56.86,1,Politics
Amid the Chaos,36.58,1,Cultural
Dark Notes,19.19,5,Erotica
The Long Shadow of ...,10.97,1,Crime
